Id,Nume,IncadrareCont,CategorieBilant,SubcategorieBilant,Intrari
10, Capital şi rezerve,CP+DTL,CP,,
101, Capital ,CP+DTL,CP,,
1011, Capital subscris nevărsat,CP+DTL,CP,,
1012, Capital subscris vărsat,CP+DTL,CP,,
1015, Patrimoniul regiei,CP+DTL,CP,,
1016, Patrimoniul public,CP+DTL,CP,,
1017, Patrimoniul privat,CP+DTL,CP,,
1018, Patrimoniul institutelor naţionale de cercetare-dezvoltare ,CP+DTL,CP,,
103, Alte elemente de capitaluri proprii,CP+DTL,CP,,
1031, Beneficii acordate angajaţilor sub forma instrumentelor de capitaluri proprii,CP+DTL,CP,,
1033, Diferenţe de curs valutar în relaţie cu investiţia netă într-o entitate străină,CP+DTL,CP,,
1038, Diferenţe din modificarea valorii juste a activelor financiare disponibile în vederea vânzării şi alte elemente de capitaluri proprii,CP+DTL,CP,,
104, Prime de capital,CP+DTL,CP,,
1041, Prime de emisiune,CP+DTL,CP,,
1042, Prime de fuziune/divizare,CP+DTL,CP,,
1043, Prime de aport,CP+DTL,CP,,
1044, Prime de conversie a obligaţiunilor în acţiuni,CP+DTL,CP,,
105, Rezerve din reevaluare,CP+DTL,CP,,
106, Rezerve,CP+DTL,CP,,
1061, Rezerve legale,CP+DTL,CP,,
1063, Rezerve statutare sau contractuale,CP+DTL,CP,,
1068, Alte rezerve,CP+DTL,CP,,
107, Diferenţe de curs valutar din conversie,CP+DTL,CP,,
108, Interese care nu controlează,CP+DTL,CP,,
1081, Interese care nu controlează - rezultatul exerciţiului financiar,CP+DTL,CP,,
1082, Interese care nu controlează - alte capitaluri proprii,CP+DTL,CP,,
109, Acţiuni proprii,CP+DTL,CP,,
1091, Acţiuni proprii deţinute pe termen scurt,CP+DTL,CP,,
1092, Acţiuni proprii deţinute pe termen lung,CP+DTL,CP,,
1095, Acţiuni proprii reprezentând titluri deţinute de societatea absorbită la societatea absorbantă,CP+DTL,CP,,
11, Rezultatul reportat,CP+DTL,CP,,
117, Rezultatul reportat,CP+DTL,CP,,
1171, Rezultatul reportat reprezentând profitul nerepartizat sau pierderea neacoperită,CP+DTL,CP,,
1172," Rezultatul reportat provenit din adoptarea pentru prima dată a IAS, mai puţin IAS 29",CP+DTL,CP,,
1173, Rezultatul reportat provenit din modificările politicilor contabile,CP+DTL,CP,,
1174, Rezultatul reportat provenit din corectarea erorilor contabile,CP+DTL,CP,,
1175, Rezultatul reportat reprezentând surplusul realizat din rezerve din reevaluare,CP+DTL,CP,,
1176, Rezultatul reportat provenit din trecerea la aplicarea reglementărilor contabile conforme cu directivele europene,CP+DTL,CP,,
12, Rezultatul exerciţiului financiar,CP+DTL,CP,,
121, Profit sau pierdere,CP+DTL,CP,,
129, Repartizarea profitului,CP+DTL,CP,,
14," Câştiguri sau pierderi legate de emiterea, răscumpărarea, vânzarea, cedarea cu titlu gratuit sau anularea instrumentelor de capitaluri proprii",CP+DTL,CP,,
141, Câştiguri legate de vânzarea sau anularea instrumentelor de capitaluri proprii,CP+DTL,CP,,
1411, Câştiguri legate de vânzarea instrumentelor de capitaluri proprii,CP+DTL,CP,,
1412, Câştiguri legate de anularea instrumentelor de capitaluri proprii,CP+DTL,CP,,
149," Pierderi legate de emiterea, răscumpărarea, vânzarea, cedarea cu titlu gratuit sau anularea instrumentelor de capitaluri proprii",CP+DTL,CP,,
1491, Pierderi rezultate din vânzarea instrumentelor de capitaluri proprii,CP+DTL,CP,,
1495," Pierderi rezultate din reorganizări, care sunt determinate de anularea titlurilor deţinute",CP+DTL,CP,,
1498, Alte pierderi legate de instrumentele de capitaluri proprii,CP+DTL,CP,,
15, Provizioane,CP+DTL,CP,,
151, Provizioane,CP+DTL,CP,,
1511, Provizioane pentru litigii,CP+DTL,CP,,
1512, Provizioane pentru garanţii acordate clienţilor,CP+DTL,CP,,
1513, Provizioane pentru dezafectare imobilizări corporale şi alte acţiuni similare legate de acestea,CP+DTL,CP,,
1514, Provizioane pentru restructurare,CP+DTL,CP,,
1515, Provizioane pentru pensii şi obligaţii similare,CP+DTL,CP,,
1516, Provizioane pentru impozite,CP+DTL,CP,,
1517, Provizioane pentru terminarea contractului de muncă,CP+DTL,CP,,
1518, Alte provizioane,CP+DTL,CP,,
16, Împrumuturi şi datorii asimilate,CP+DTL,DTL,,
161, Împrumuturi din emisiuni de obligaţiuni,CP+DTL,DTL,,
1614, Împrumuturi externe din emisiuni de obligaţiuni garantate de stat,CP+DTL,DTL,,
1615, Împrumuturi externe din emisiuni de obligaţiuni garantate de bănci,CP+DTL,DTL,,
1617, Împrumuturi interne din emisiuni de obligaţiuni garantate de stat,CP+DTL,DTL,,
1618, Alte împrumuturi din emisiuni de obligaţiuni,CP+DTL,DTL,,
162, Credite bancare pe termen lung,CP+DTL,DTL,,
1621, Credite bancare pe termen lung,CP+DTL,DTL,,
1622, Credite bancare pe termen lung nerambursate la scadenţă,CP+DTL,DTL,,
1623, Credite externe guvernamentale,CP+DTL,DTL,,
1624, Credite bancare externe garantate de stat,CP+DTL,DTL,,
1625, Credite bancare externe garantate de bănci,CP+DTL,DTL,,
1626, Credite de la trezoreria statului,CP+DTL,DTL,,
1627, Credite bancare interne garantate de stat,CP+DTL,DTL,,
166, Datorii care privesc imobilizările financiare,CP+DTL,DTL,,
1661, Datorii faţă de entităţile afiliate,CP+DTL,DTL,,
1663, Datorii faţă de entităţile asociate şi entităţile controlate în comun,CP+DTL,DTL,,
167, Alte împrumuturi şi datorii asimilate,CP+DTL,DTL,,
168, Dobânzi aferente împrumuturilor şi datoriilor asimilate,CP+DTL,DTL,,
1681, Dobânzi aferente împrumuturilor din emisiuni de obligaţiuni,CP+DTL,DTL,,
1682, Dobânzi aferente creditelor bancare pe termen lung,CP+DTL,DTL,,
1685, Dobânzi aferente datoriilor faţă de entităţile afiliate,CP+DTL,DTL,,
1686, Dobânzi aferente datoriilor faţă de entităţile asociate şi entităţile controlate în comun,CP+DTL,DTL,,
1687, Dobânzi aferente altor împrumuturi şi datorii asimilate,CP+DTL,DTL,,
169, Prime privind rambursarea obligaţiunilor şi a altor datorii,CP+DTL,DTL,,
1691, Prime privind rambursarea obligaţiunilor,CP+DTL,DTL,,
1692, Prime privind rambursarea altor datorii,CP+DTL,DTL,,
20, Imobilizări necorporale,AI,AI,ImNecorp,
201, Cheltuieli de constituire,AI,AI,ImNecorp,
203, Cheltuieli de dezvoltare,AI,AI,ImNecorp,
205," Concesiuni, brevete, licenţe, mărci comerciale, drepturi şi active similare",AI,AI,ImNecorp,
206, Active necorporale de explorare şi evaluare a resurselor minerale,AI,AI,ImNecorp,
207, Fond comercial,AI,AI,ImNecorp,
2071, Fond comercial pozitiv,AI,AI,ImNecorp,
2075, Fond comercial negativ,AI,AI,ImNecorp,
208, Alte imobilizări necorporale,AI,AI,ImNecorp,
21, Imobilizări corporale,AI,AI,ImCorp,
211, Terenuri şi amenajări de terenuri,AI,AI,ImCorp,
2111, Terenuri,AI,AI,ImCorp,
2112, Amenajări de terenuri,AI,AI,ImCorp,
212, Construcţii,AI,AI,ImCorp,
213, Instalaţii tehnice şi mijloace de transport,AI,AI,ImCorp,
2131," Echipamente tehnologice (maşini, utilaje şi instalaţii de lucru)",AI,AI,ImCorp,
2132," Aparate şi instalaţii de măsurare, control şi reglare",AI,AI,ImCorp,
2133, Mijloace de transport,AI,AI,ImCorp,
214," Mobilier, aparatură birotică, echipamente de protecţie a valorilor umane şi materiale şi alte active corporale",AI,AI,ImCorp,
215, Investiţii imobiliare,AI,AI,ImCorp,
216, Active corporale de explorare şi evaluare a resurselor minerale,AI,AI,ImCorp,
217, Active biologice productive,AI,AI,ImCorp,
22, Imobilizări corporale în curs de aprovizionare,AI,AI,ImCorp,
223, Instalaţii tehnice şi mijloace de transport în curs de aprovizionare,AI,AI,ImCorp,
224," Mobilier, aparatură birotică, echipamente de protecţie a valorilor umane şi materiale şi alte active corporale în curs de aprovizionare",AI,AI,ImCorp,
227, Active biologice productive în curs de aprovizionare,AI,AI,ImCorp,
23, Imobilizări în curs,AI,AI,ImCorp,
231, Imobilizări corporale în curs de execuţie,AI,AI,ImCorp,
235, Investiţii imobiliare în curs de execuţie,AI,AI,ImCorp,
26, Imobilizări financiare,AI,AI,ImFin,
261, Acţiuni deţinute la entităţile afiliate,AI,AI,ImFin,
262, Acţiuni deţinute la entităţi asociate,AI,AI,ImFin,
263, Acţiuni deţinute la entităţi controlate în comun,AI,AI,ImFin,
264, Titluri puse în echivalenţă,AI,AI,ImFin,
265, Alte titluri imobilizate,AI,AI,ImFin,
266, Certificate verzi amânate,AI,AI,ImFin,
267, Creanţe imobilizate,AI,AI,ImFin,
2671, Sume de încasat de la entităţile afiliate,AI,AI,ImFin,
2672, Dobânda aferentă sumelor de încasat de la entităţile afiliate,AI,AI,ImFin,
2673, Creanţe faţă de entităţile asociate şi entităţile controlate în comun,AI,AI,ImFin,
2674, Dobânda aferentă creanţelor faţă de entităţile asociate şi entităţile controlate în comun,AI,AI,ImFin,
2675, Împrumuturi acordate pe termen lung,AI,AI,ImFin,
2676, Dobânda aferentă împrumuturilor acordate pe termen lung,AI,AI,ImFin,
2677, Obligaţiuni achiziţionate cu ocazia emisiunilor efectuate de terţi,AI,AI,ImFin,
2678, Alte creanţe imobilizate,AI,AI,ImFin,
2679, Dobânzi aferente altor creanţe imobilizate,AI,AI,ImFin,
269, Vărsăminte de efectuat pentru imobilizări financiare,AI,AI,ImFin,
2691, Vărsăminte de efectuat privind acţiunile deţinute la entităţile afiliate,AI,AI,ImFin,
2692, Vărsăminte de efectuat privind acţiunile deţinute la entităţi asociate,AI,AI,ImFin,
2693, Vărsăminte de efectuat privind acţiunile deţinute la entităţi controlate în comun,AI,AI,ImFin,
2695, Vărsăminte de efectuat pentru alte imobilizări financiare,AI,AI,ImFin,
28, Amortizări privind imobilizările,AI,AI,Amortizari,
280, Amortizări privind imobilizările necorporale,AI,AI,Amortizari,
2801, Amortizarea cheltuielilor de constituire,AI,AI,Amortizari,
2803, Amortizarea cheltuielilor de dezvoltare,AI,AI,Amortizari,
2805," Amortizarea concesiunilor, brevetelor, licenţelor, mărcilor comerciale, drepturilor şi activelor similare",AI,AI,Amortizari,
2806, Amortizarea activelor necorporale de explorare şi evaluare a resurselor minerale,AI,AI,Amortizari,
2807, Amortizarea fondului comercial,AI,AI,Amortizari,
2808, Amortizarea altor imobilizări necorporale,AI,AI,Amortizari,
281, Amortizări privind imobilizările corporale,AI,AI,Amortizari,
2811, Amortizarea amenajărilor de terenuri,AI,AI,Amortizari,
2812, Amortizarea construcţiilor,AI,AI,Amortizari,
2813, Amortizarea instalaţiilor şi mijloacelor de transport,AI,AI,Amortizari,
2814, Amortizarea altor imobilizări corporale,AI,AI,Amortizari,
2815, Amortizarea investiţiilor imobiliare,AI,AI,Amortizari,
2816, Amortizarea activelor corporale de explorare şi evaluare a resurselor minerale,AI,AI,Amortizari,
2817, Amortizarea activelor biologice productive,AI,AI,Amortizari,
29, Ajustări pentru deprecierea sau pierderea de valoare a imobilizărilor,AI,AI,AjDepr,
290, Ajustări pentru deprecierea imobilizărilor necorporale,AI,AI,AjDepr,
2903, Ajustări pentru deprecierea cheltuielilor de dezvoltare,AI,AI,AjDepr,
2905," Ajustări pentru deprecierea concesiunilor, brevetelor, licenţelor, mărcilor comerciale, drepturilor şi activelor similare",AI,AI,AjDepr,
2906, Ajustări pentru deprecierea activelor necorporale de explorare şi evaluare a resurselor minerale,AI,AI,AjDepr,
2908, Ajustări pentru deprecierea altor imobilizări necorporale,AI,AI,AjDepr,
291, Ajustări pentru deprecierea imobilizărilor corporale,AI,AI,AjDepr,
2911, Ajustări pentru deprecierea terenurilor şi amenajărilor de terenuri,AI,AI,AjDepr,
2912, Ajustări pentru deprecierea construcţiilor,AI,AI,AjDepr,
2913, Ajustări pentru deprecierea instalaţiilor şi mijloacelor de transport,AI,AI,AjDepr,
2914, Ajustări pentru deprecierea altor imobilizări corporale,AI,AI,AjDepr,
2915, Ajustări pentru deprecierea investiţiilor imobiliare,AI,AI,AjDepr,
2916, Ajustări pentru deprecierea activelor corporale de explorare şi evaluare a resurselor minerale,AI,AI,AjDepr,
2917, Ajustări pentru deprecierea activelor biologice productive,AI,AI,AjDepr,
293, Ajustări pentru deprecierea imobilizărilor în curs de execuţie,AI,AI,AjDepr,
2931, Ajustări pentru deprecierea imobilizărilor corporale în curs de execuţie,AI,AI,AjDepr,
2935, Ajustări pentru deprecierea investiţiilor imobiliare în curs de execuţie,AI,AI,AjDepr,
296, Ajustări pentru pierderea de valoare a imobilizărilor financiare,AI,AI,AjDepr,
2961, Ajustări pentru pierderea de valoare a acţiunilor deţinute la entităţile afiliate,AI,AI,AjDepr,
2962, Ajustări pentru pierderea de valoare a acţiunilor deţinute la entităţi asociate şi entităţi controlate în comun,AI,AI,AjDepr,
2963, Ajustări pentru pierderea de valoare a altor titluri imobilizate,AI,AI,AjDepr,
2964, Ajustări pentru pierderea de valoare a sumelor de încasat de la entităţile afiliate,AI,AI,AjDepr,
2965, Ajustări pentru pierderea de valoare a creanţelor faţă de entităţile asociate şi entităţile controlate în comun,AI,AI,AjDepr,
2966, Ajustări pentru pierderea de valoare a împrumuturilor acordate pe termen lung,AI,AI,AjDepr,
2968, Ajustări pentru pierderea de valoare a creanţelor imobilizate,AI,AI,AjDepr,
30, Stocuri de materii prime şi materiale,Stocuri,AC,,
301, Materii prime,Stocuri,AC,,
302, Materiale consumabile,Stocuri,AC,,
3021, Materiale auxiliare,Stocuri,AC,,
3022, Combustibili,Stocuri,AC,,
3023, Materiale pentru ambalat,Stocuri,AC,,
3024, Piese de schimb,Stocuri,AC,,
3025, Seminţe şi materiale de plantat,Stocuri,AC,,
3026, Furaje,Stocuri,AC,,
3028, Alte materiale consumabile,Stocuri,AC,,
303, Materiale de natura obiectelor de inventar,Stocuri,AC,,
308, Diferenţe de preţ la materii prime şi materiale,Stocuri,AC,,
32, Stocuri în curs de aprovizionare,Stocuri,AC,,
321, Materii prime în curs de aprovizionare,Stocuri,AC,,
322, Materiale consumabile în curs de aprovizionare,Stocuri,AC,,
323, Materiale de natura obiectelor de inventar in curs de aprovizionare,Stocuri,AC,,
326, Active biologice de natura stocurilor în curs de aprovizionare,Stocuri,AC,,
327, Mărfuri în curs de aprovizionare,Stocuri,AC,,
328, Ambalaje în curs de aprovizionare,Stocuri,AC,,
33, Producţie în curs de execuţie,Stocuri,AC,,
331, Produse în curs de execuţie,Stocuri,AC,,
332, Servicii în curs de execuţie,Stocuri,AC,,
34, Produse,Stocuri,AC,,
341, Semifabricate,Stocuri,AC,,
345, Produse finite,Stocuri,AC,,
346, Produse reziduale,Stocuri,AC,,
347, Produse agricole,Stocuri,AC,,
348, Diferenţe de preţ la produse,Stocuri,AC,,
35, Stocuri aflate la terţi,Stocuri,AC,,
351, Materii şi materiale aflate la terţi,Stocuri,AC,,
354, Produse aflate la terţi,Stocuri,AC,,
356, Active biologice de natura stocurilor aflate la terţi,Stocuri,AC,,
357, Mărfuri aflate la terţi,Stocuri,AC,,
358, Ambalaje aflate la terţi,Stocuri,AC,,
36, Active biologice de natura stocurilor,Stocuri,AC,,
361, Active biologice de natura stocurilor,Stocuri,AC,,
368, Diferenţe de preţ la active biologice de natura stocurilor,Stocuri,AC,,
37, Mărfuri,Stocuri,AC,,
371, Mărfuri,Stocuri,AC,,
378, Diferenţe de preţ la mărfuri,Stocuri,AC,,
38, Ambalaje,Stocuri,AC,,
381, Ambalaje,Stocuri,AC,,
388, Diferenţe de preţ la ambalaje,Stocuri,AC,,
39, Ajustări pentru deprecierea stocurilor şi producţiei în curs de execuţie,Stocuri,AC,AjDepr,
391, Ajustări pentru deprecierea materiilor prime,Stocuri,AC,AjDepr,
392, Ajustări pentru deprecierea materialelor,Stocuri,AC,AjDepr,
3921, Ajustări pentru deprecierea materialelor consumabile,Stocuri,AC,AjDepr,
3922, Ajustări pentru deprecierea materialelor de natura obiectelor de inventar,Stocuri,AC,AjDepr,
393, Ajustări pentru deprecierea producţiei în curs de execuţie,Stocuri,AC,AjDepr,
394, Ajustări pentru deprecierea produselor,Stocuri,AC,AjDepr,
3941, Ajustări pentru deprecierea semifabricatelor,Stocuri,AC,AjDepr,
3945, Ajustări pentru deprecierea produselor finite,Stocuri,AC,AjDepr,
3946, Ajustări pentru deprecierea produselor reziduale,Stocuri,AC,AjDepr,
3947, Ajustări pentru deprecierea produselor agricole,Stocuri,AC,AjDepr,
395, Ajustări pentru deprecierea stocurilor aflate la terţi,Stocuri,AC,AjDepr,
3951, Ajustări pentru deprecierea materiilor şi materialelor aflate la terţi,Stocuri,AC,AjDepr,
3952, Ajustări pentru deprecierea semifabricatelor aflate la terţi,Stocuri,AC,AjDepr,
3953, Ajustări pentru deprecierea produselor finite aflate la terţi,Stocuri,AC,AjDepr,
3954, Ajustări pentru deprecierea produselor reziduale aflate la terţi,Stocuri,AC,AjDepr,
3955, Ajustări pentru deprecierea produselor agricole aflate la terţi,Stocuri,AC,AjDepr,
3956, Ajustări pentru deprecierea activelor biologice de natura stocurilor aflate la terţi,Stocuri,AC,AjDepr,
3957, Ajustări pentru deprecierea mărfurilor aflate la terţi,Stocuri,AC,AjDepr,
3958, Ajustări pentru deprecierea ambalajelor aflate la terţi,Stocuri,AC,AjDepr,
396, Ajustări pentru deprecierea activelor biologice de natura stocurilor,Stocuri,AC,AjDepr,
397, Ajustări pentru deprecierea mărfurilor,Stocuri,AC,AjDepr,
398, Ajustări pentru deprecierea ambalajelor,Stocuri,AC,AjDepr,
40, Furnizori şi conturi asimilate,Creante+DTS,DTS,,
401, Furnizori,Creante+DTS,DTS,,
403, Efecte de plătit,Creante+DTS,DTS,,
404, Furnizori de imobilizări,Creante+DTS,DTS,,
405, Efecte de plătit pentru imobilizări,Creante+DTS,DTS,,
408, Furnizori - facturi nesosite,Creante+DTS,DTS,,
409, Furnizori - debitori,Creante+DTS,DTS,,
4091, Furnizori - debitori pentru cumpărări de bunuri de natura stocurilor,Creante+DTS,DTS,,
4092, Furnizori - debitori pentru prestări de servicii,Creante+DTS,DTS,,
4093, Avansuri acordate pentru imobilizări corporale,Creante+DTS,AC,,
4094, Avansuri acordate pentru imobilizări necorporale,Creante+DTS,AC,,
41, Clienţi şi conturi asimilate,Creante+DTS,AC,,
411, Clienţi,Creante+DTS,AC,,
4111, Clienţi,Creante+DTS,AC,,
4118, Clienţi incerţi sau în litigiu,Creante+DTS,AC,,
413, Efecte de primit de la clienţi,Creante+DTS,AC,,
418, Clienţi - facturi de întocmit,Creante+DTS,AC,,
419, Clienţi - creditori,Creante+DTS,AC,,
42, Personal şi conturi asimilate,Creante+DTS,AC,,
421, Personal - salarii datorate,Creante+DTS,AC,,
423, Personal - ajutoare materiale datorate,Creante+DTS,AC,,
424, Prime reprezentând participarea personalului la profit,Creante+DTS,AC,,
425, Avansuri acordate personalului,Creante+DTS,AC,,
426, Drepturi de personal neridicate,Creante+DTS,AC,,
427, Reţineri din salarii datorate terţilor,Creante+DTS,AC,,
428, Alte datorii şi creanţe în legătură cu personalul,Creante+DTS,AC,,
4281, Alte datorii în legătură cu personalul,Creante+DTS,AC,,
4282, Alte creanţe în legătură cu personalul,Creante+DTS,AC,,
43," Asigurări sociale, protecţia socială şi conturi asimilate",Creante+DTS,AC,,
431, Asigurări sociale,Creante+DTS,AC,,
4311, Contribuţia unităţii la asigurările sociale,Creante+DTS,AC,,
4312, Contribuţia personalului la asigurările sociale,Creante+DTS,AC,,
4313, Contribuţia angajatorului pentru asigurările sociale de sănătate,Creante+DTS,AC,,
4314, Contribuţia angajaţilor pentru asigurările sociale de sănătate,Creante+DTS,AC,,
4315, Contribuţia de asigurări sociale,Creante+DTS,AC,,
4316, Contribuţia de asigurări sociale de sănătate,Creante+DTS,AC,,
4318, Alte contribuţii pentru asigurările sociale de sănătate,Creante+DTS,AC,,
436, Contribuția asiguratorie pentru muncă        ,Creante+DTS,AC,,
437, Ajutor de şomaj,Creante+DTS,AC,,
4371, Contribuţia unităţii la fondul de şomaj,Creante+DTS,AC,,
4372, Contribuţia personalului la fondul de şomaj,Creante+DTS,AC,,
438, Alte datorii şi creanţe sociale,Creante+DTS,AC,,
4381, Alte datorii sociale,Creante+DTS,AC,,
4382, Alte creanţe sociale,Creante+DTS,AC,,
44," Bugetul statului, fonduri speciale şi conturi asimilate",Creante+DTS,AC,,
441, Impozitul pe profit şi alte impozite,Creante+DTS,AC,,
4411, Impozitul pe profit,Creante+DTS,AC,,
4415, Impozitul specific unor activităţi,Creante+DTS,AC,,
4418, Impozitul pe venit,Creante+DTS,AC,,
442, Taxa pe valoarea adăugată,Creante+DTS,AC,,
4423, TVA de plată,Creante+DTS,AC,,
4424, TVA de recuperat,Creante+DTS,AC,,
4426, TVA deductibilă,Creante+DTS,AC,,
4427, TVA colectată,Creante+DTS,AC,,
4428, TVA neexigibilă,Creante+DTS,AC,,
444, Impozitul pe venituri de natura salariilor,Creante+DTS,AC,,
445, Subvenţii,Creante+DTS,AC,,
4451, Subvenţii guvernamentale,Creante+DTS,AC,,
4452, Împrumuturi nerambursabile cu caracter de subvenţii,Creante+DTS,AC,,
4458, Alte sume primite cu caracter de subvenţii,Creante+DTS,AC,,
446," Alte impozite, taxe şi vărsăminte asimilate",Creante+DTS,AC,,
447, Fonduri speciale - taxe şi vărsăminte asimilate,Creante+DTS,AC,,
448, Alte datorii şi creanţe cu bugetul statului,Creante+DTS,AC,,
4481, Alte datorii faţă de bugetul statului,Creante+DTS,AC,,
4482, Alte creanţe privind bugetul statului,Creante+DTS,AC,,
45, Grup şi acţionari/asociaţi,Creante+DTS,AC,,
451, Decontări între entităţile afiliate,Creante+DTS,AC,,
4511, Decontări între entităţile afiliate,Creante+DTS,AC,,
4518, Dobânzi aferente decontărilor între entităţile afiliate,Creante+DTS,AC,,
453, Decontări cu entităţile asociate şi entităţile controlate în comun,Creante+DTS,AC,,
4531, Decontări cu entităţile asociate şi entităţile controlate,Creante+DTS,AC,,
4538, Dobânzi aferente decontărilor cu entităţile asociate şi entităţile controlate în comun,Creante+DTS,AC,,
455, Sume datorate acţionarilor/asociaţilor,Creante+DTS,AC,,
4551, Acţionari/Asociaţi - conturi curente,Creante+DTS,AC,,
4558, Acţionari/Asociaţi - dobânzi la conturi curente,Creante+DTS,AC,,
456, Decontări cu acţionarii/asociaţii privind capitalul,Creante+DTS,AC,,
457, Dividende de plată,Creante+DTS,AC,,
458, Decontări din operaţiuni în participaţie,Creante+DTS,AC,,
4581, Decontări din operaţiuni în participaţie - pasiv,Creante+DTS,AC,,
4582, Decontări din operaţiuni în participaţie - activ,Creante+DTS,AC,,
46, Debitori şi creditori diverşi,Creante+DTS,AC,,
461, Debitori diverşi,Creante+DTS,AC,,
462, Creditori diverşi,Creante+DTS,AC,,
466, Decontări din operaţiuni de fiducie,Creante+DTS,AC,,
4661, Datorii din operaţiuni de fiducie,Creante+DTS,AC,,
4662, Creanţe din operaţiuni de fiducie,Creante+DTS,AC,,
47," Conturi de subvenţii, regularizare şi asimilate",Creante+DTS,AC,,
471, Cheltuieli înregistrate în avans,Creante+DTS,AC,,
472, Venituri înregistrate în avans,Creante+DTS,AC,,
473, Decontări din operaţiuni în curs de clarificare,Creante+DTS,AC,,
475, Subvenţii pentru investiţii,Creante+DTS,AC,,
4751, Subvenţii guvernamentale pentru investiţii,Creante+DTS,AC,,
4752, Împrumuturi nerambursabile cu caracter de subvenţii pentru investiţii,Creante+DTS,AC,,
4753, Donaţii pentru investiţii,Creante+DTS,AC,,
4754, Plusuri de inventar de natura imobilizărilor,Creante+DTS,AC,,
4758, Alte sume primite cu caracter de subvenţii pentru investiţii,Creante+DTS,AC,,
478, Venituri în avans aferente activelor primite prin transfer de la clienţi,Creante+DTS,AC,,
48, Decontări în cadrul unităţii,Creante+DTS,AC,,
481, Decontări între unitate şi subunităţi,Creante+DTS,AC,,
482, Decontări între subunităţi,Creante+DTS,AC,,
49, Ajustări pentru deprecierea creanţelor,Creante+DTS,AC,,
491, Ajustări pentru deprecierea creanţelor - clienţi,Creante+DTS,AC,,
495, Ajustări pentru deprecierea creanţelor - decontări în cadrul grupului şi cu acţionarii/asociaţii,Creante+DTS,AC,,
496, Ajustări pentru deprecierea creanţelor - debitori diverşi,Creante+DTS,AC,,
50, Investiţii pe termen scurt,InvFinTS+CasaSiConturi,AC,,
501, Acţiuni deţinute la entităţile afiliate,InvFinTS+CasaSiConturi,AC,,
505, Obligaţiuni emise şi răscumpărate,InvFinTS+CasaSiConturi,AC,,
506, Obligaţiuni,InvFinTS+CasaSiConturi,AC,,
507, Certificate verzi primite,InvFinTS+CasaSiConturi,AC,,
508, Alte investiţii pe termen scurt şi creanţe asimilate,InvFinTS+CasaSiConturi,AC,,
5081, Alte titluri de plasament,InvFinTS+CasaSiConturi,AC,,
5088, Dobânzi la obligaţiuni şi titluri de plasament,InvFinTS+CasaSiConturi,AC,,
509, Vărsăminte de efectuat pentru investiţiile pe termen scurt,InvFinTS+CasaSiConturi,AC,,
5091, Vărsăminte de efectuat pentru acţiunile deţinute la entităţile afiliate,InvFinTS+CasaSiConturi,AC,,
5092, Vărsăminte de efectuat pentru alte investiţii pe termen scurt,InvFinTS+CasaSiConturi,AC,,
51, Conturi la bănci,InvFinTS+CasaSiConturi,AC,,
511, Valori de încasat,InvFinTS+CasaSiConturi,AC,,
5112, Cecuri de încasat,InvFinTS+CasaSiConturi,AC,,
5113, Efecte de încasat,InvFinTS+CasaSiConturi,AC,,
5114, Efecte remise spre scontare,InvFinTS+CasaSiConturi,AC,,
512, Conturi curente la bănci,InvFinTS+CasaSiConturi,AC,,
5121, Conturi la bănci în lei,InvFinTS+CasaSiConturi,AC,,
5124, Conturi la bănci în valută,InvFinTS+CasaSiConturi,AC,,
5125, Sume în curs de decontare,InvFinTS+CasaSiConturi,AC,,
5126, Conturi la bănci în lei - TVA defalcat,InvFinTS+CasaSiConturi,AC,,
5127, Conturi la bănci în valută - TVA defalcat,InvFinTS+CasaSiConturi,AC,,
518, Dobânzi,InvFinTS+CasaSiConturi,AC,,
5186, Dobânzi de plătit,InvFinTS+CasaSiConturi,AC,,
5187, Dobânzi de încasat,InvFinTS+CasaSiConturi,AC,,
519, Credite bancare pe termen scurt,InvFinTS+CasaSiConturi,AC,,
5191, Credite bancare pe termen scurt,InvFinTS+CasaSiConturi,AC,,
5192, Credite bancare pe termen scurt nerambursate la scadenţă,InvFinTS+CasaSiConturi,AC,,
5193, Credite externe guvernamentale,InvFinTS+CasaSiConturi,AC,,
5194, Credite externe garantate de stat,InvFinTS+CasaSiConturi,AC,,
5195, Credite externe garantate de bănci,InvFinTS+CasaSiConturi,AC,,
5196, Credite de la Trezoreria Statului,InvFinTS+CasaSiConturi,AC,,
5197, Credite interne garantate de stat,InvFinTS+CasaSiConturi,AC,,
5198, Dobânzi aferente creditelor bancare pe termen scurt,InvFinTS+CasaSiConturi,AC,,
53, Casa,InvFinTS+CasaSiConturi,AC,,
531, Casa,InvFinTS+CasaSiConturi,AC,,
5311, Casa în lei,InvFinTS+CasaSiConturi,AC,,
5314, Casa în valută,InvFinTS+CasaSiConturi,AC,,
532, Alte valori,InvFinTS+CasaSiConturi,AC,,
5321, Timbre fiscale şi poştale,InvFinTS+CasaSiConturi,AC,,
5322, Bilete de tratament şi odihnă,InvFinTS+CasaSiConturi,AC,,
5323, Tichete şi bilete de călătorie,InvFinTS+CasaSiConturi,AC,,
5328, Alte valori,InvFinTS+CasaSiConturi,AC,,
54, Acreditive,InvFinTS+CasaSiConturi,AC,,
541, Acreditive,InvFinTS+CasaSiConturi,AC,,
5411, Acreditive în lei,InvFinTS+CasaSiConturi,AC,,
5414, Acreditive în valută,InvFinTS+CasaSiConturi,AC,,
542, Avansuri de trezorerie,InvFinTS+CasaSiConturi,AC,,
58, Viramente interne,InvFinTS+CasaSiConturi,AC,,
581, Viramente interne,InvFinTS+CasaSiConturi,AC,,
59, Ajustări pentru pierderea de valoare a conturilor de trezorerie,InvFinTS+CasaSiConturi,AC,,
591, Ajustări pentru pierderea de valoare a acţiunilor deţinute la entităţile afiliate,InvFinTS+CasaSiConturi,AC,,
595, Ajustări pentru pierderea de valoare a obligaţiunilor emise şi răscumpărate,InvFinTS+CasaSiConturi,AC,,
596, Ajustări pentru pierderea de valoare a obligaţiunilor,InvFinTS+CasaSiConturi,AC,,
598, Ajustări pentru pierderea de valoare a altor investiţii pe termen scurt şi creanţe asimilate,InvFinTS+CasaSiConturi,AC,,
60, Cheltuieli privind stocurile,Cheltuieli,CPrPd,ChEx,
601, Cheltuieli cu materiile prime,Cheltuieli,CPrPd,ChEx,
602, Cheltuieli cu materialele consumabile,Cheltuieli,CPrPd,ChEx,
6021, Cheltuieli cu materialele auxiliare,Cheltuieli,CPrPd,ChEx,
6022, Cheltuieli privind combustibilii,Cheltuieli,CPrPd,ChEx,
6023, Cheltuieli privind materialele pentru ambalat,Cheltuieli,CPrPd,ChEx,
6024, Cheltuieli privind piesele de schimb,Cheltuieli,CPrPd,ChEx,
6025, Cheltuieli privind seminţele şi materialele de plantat,Cheltuieli,CPrPd,ChEx,
6026, Cheltuieli privind furajele,Cheltuieli,CPrPd,ChEx,
6028, Cheltuieli privind alte materiale consumabile,Cheltuieli,CPrPd,ChEx,
603, Cheltuieli privind materialele de natura obiectelor de inventar,Cheltuieli,CPrPd,ChEx,
604, Cheltuieli privind materialele nestocate,Cheltuieli,CPrPd,ChEx,
605, Cheltuieli cu energia si apa,Cheltuieli,CPrPd,ChEx,
6051, Cheltuieli privind consumul de energie,Cheltuieli,CPrPd,ChEx,
6052, Cheltuieli privind consumul de apa,Cheltuieli,CPrPd,ChEx,
606, Cheltuieli privind activele biologice de natura stocurilor,Cheltuieli,CPrPd,ChEx,
607, Cheltuieli privind mărfurile,Cheltuieli,CPrPd,ChEx,
608, Cheltuieli privind ambalajele,Cheltuieli,CPrPd,ChEx,
609, Reduceri comerciale primite,Cheltuieli,CPrPd,ChEx,
61, Cheltuieli cu serviciile executate de terţi,Cheltuieli,CPrPd,ChEx,
611, Cheltuieli cu întreţinerea şi reparaţiile,Cheltuieli,CPrPd,ChEx,
612," Cheltuieli cu redevenţele, locaţiile de gestiune şi chiriile",Cheltuieli,CPrPd,ChEx,
613, Cheltuieli cu primele de asigurare,Cheltuieli,CPrPd,ChEx,
614, Cheltuieli cu studiile şi cercetările,Cheltuieli,CPrPd,ChEx,
615, Cheltuieli cu pregătirea personalului,Cheltuieli,CPrPd,ChEx,
62, Cheltuieli cu alte servicii executate de terţi,Cheltuieli,CPrPd,ChEx,
621, Cheltuieli cu colaboratorii,Cheltuieli,CPrPd,ChEx,
622, Cheltuieli privind comisioanele şi onorariile,Cheltuieli,CPrPd,ChEx,
623," Cheltuieli de protocol, reclamă şi publicitate",Cheltuieli,CPrPd,ChEx,
6231, Cheltuieli de protocol,Cheltuieli,CPrPd,ChEx,
6232, Cheltuieli de reclamă şi publicitate,Cheltuieli,CPrPd,ChEx,
624, Cheltuieli cu transportul de bunuri şi personal,Cheltuieli,CPrPd,ChEx,
625," Cheltuieli cu deplasări, detaşări şi transferări",Cheltuieli,CPrPd,ChEx,
626, Cheltuieli poştale şi taxe de telecomunicaţii,Cheltuieli,CPrPd,ChEx,
627, Cheltuieli cu serviciile bancare şi asimilate,Cheltuieli,CPrPd,ChEx,
628, Alte cheltuieli cu serviciile executate de terţi,Cheltuieli,CPrPd,ChEx,
63," Cheltuieli cu alte impozite, taxe şi vărsăminte asimilate",Cheltuieli,CPrPd,ChEx,
635," Cheltuieli cu alte impozite, taxe şi vărsăminte asimilate",Cheltuieli,CPrPd,ChEx,
64, Cheltuieli cu personalul,Cheltuieli,CPrPd,ChEx,
641, Cheltuieli cu salariile personalului,Cheltuieli,CPrPd,ChEx,
642, Cheltuieli cu avantajele în natură şi tichetele acordate salariaţilor,Cheltuieli,CPrPd,ChEx,
6421, Cheltuieli cu avantajele în natură acordate salariaţilor,Cheltuieli,CPrPd,ChEx,
6422, Cheltuieli cu tichetele acordate salariaţilor,Cheltuieli,CPrPd,ChEx,
643, Cheltuieli cu remunerarea în instrumente de capitaluri proprii,Cheltuieli,CPrPd,ChEx,
644, Cheltuieli cu primele reprezentând participarea personalului la profit,Cheltuieli,CPrPd,ChEx,
645, Cheltuieli privind asigurările şi protecţia socială,Cheltuieli,CPrPd,ChEx,
6451, Cheltuieli privind contribuţia unităţii la asigurările sociale,Cheltuieli,CPrPd,ChEx,
6452, Cheltuieli privind contribuţia unităţii pentru ajutorul de şomaj,Cheltuieli,CPrPd,ChEx,
6453, Cheltuieli privind contribuţia angajatorului pentru asigurările sociale de sănătate,Cheltuieli,CPrPd,ChEx,
6455, Cheltuieli privind contribuţia unităţii la asigurările de viaţă,Cheltuieli,CPrPd,ChEx,
6456, Cheltuieli privind contribuţia unităţii la fondurile de pensii facultative,Cheltuieli,CPrPd,ChEx,
6457, Cheltuieli privind contribuţia unităţii la primele de asigurare voluntară de sănătate,Cheltuieli,CPrPd,ChEx,
6458, Alte cheltuieli privind asigurările şi protecţia socială,Cheltuieli,CPrPd,ChEx,
646, Cheltuieli privind contribuția asiguratorie pentru muncă ,Cheltuieli,CPrPd,ChEx,
6461, Cheltuieli privind contribuția asiguratorie pentru muncă pentru munca corespunzatoare salariatilor,Cheltuieli,CPrPd,ChEx,
6462," Cheltuieli privind contribuția asiguratorie pentru muncă pentru munca corespunzatoare altor persoane, decat salariatii",Cheltuieli,CPrPd,ChEx,
65, Alte cheltuieli de exploatare,Cheltuieli,CPrPd,ChEx,
651, Cheltuieli din operaţiuni de fiducie,Cheltuieli,CPrPd,ChEx,
6511, Cheltuieli ocazionate de constituirea fiduciei,Cheltuieli,CPrPd,ChEx,
6512, Cheltuieli din derularea operaţiunilor de fiducie,Cheltuieli,CPrPd,ChEx,
6513, Cheltuieli din lichidarea operaţiunilor de fiducie,Cheltuieli,CPrPd,ChEx,
652, Cheltuieli cu protecţia mediului înconjurător,Cheltuieli,CPrPd,ChEx,
654, Pierderi din creanţe şi debitori diverşi,Cheltuieli,CPrPd,ChEx,
655, Cheltuieli din reevaluarea imobilizărilor corporale,Cheltuieli,CPrPd,ChEx,
658, Alte cheltuieli de exploatare,Cheltuieli,CPrPd,ChEx,
6581," Despăgubiri, amenzi şi penalităţi",Cheltuieli,CPrPd,ChEx,
6582, Donaţii acordate,Cheltuieli,CPrPd,ChEx,
6583, Cheltuieli privind activele cedate şi alte operaţiuni de capital,Cheltuieli,CPrPd,ChEx,
6584,Cheltuieli cu sumele sau bunurile acordate ca sponsorizări  ,Cheltuieli,CPrPd,ChEx,
6586, Cheltuieli reprezentând transferuri şi contribuţii datorate în baza unor acte normative speciale,Cheltuieli,CPrPd,ChEx,
6587, Cheltuieli privind calamităţile şi alte evenimente similare,Cheltuieli,CPrPd,ChEx,
6588, Alte cheltuieli de exploatare,Cheltuieli,CPrPd,ChEx,
66, Cheltuieli financiare,Cheltuieli,CPrPd,ChFin,
663, Pierderi din creanţe legate de participaţii,Cheltuieli,CPrPd,ChFin,
664, Cheltuieli privind investiţiile financiare cedate,Cheltuieli,CPrPd,ChFin,
6641, Cheltuieli privind imobilizările financiare cedate,Cheltuieli,CPrPd,ChFin,
6642, Pierderi din investiţiile pe termen scurt cedate,Cheltuieli,CPrPd,ChFin,
665, Cheltuieli din diferenţe de curs valutar,Cheltuieli,CPrPd,ChFin,
6651, Diferenţe nefavorabile de curs valutar legate de elementele monetare exprimate în valută,Cheltuieli,CPrPd,ChFin,
6652, Diferenţe nefavorabile de curs valutar din evaluarea elementelor monetare care fac parte din investiţia netă într-o entitate străină,Cheltuieli,CPrPd,ChFin,
666, Cheltuieli privind dobânzile,Cheltuieli,CPrPd,ChFin,
667, Cheltuieli privind sconturile acordate,Cheltuieli,CPrPd,ChFin,
668, Alte cheltuieli financiare,Cheltuieli,CPrPd,ChFin,
68," Cheltuieli cu amortizările, provizioanele şi ajustările pentru depreciere sau pierdere de valoare",Cheltuieli,CPrPd,ChFin,
681," Cheltuieli de exploatare privind amortizările, provizioanele şi ajustările pentru depreciere",Cheltuieli,CPrPd,ChFin,
6811, Cheltuieli de exploatare privind amortizarea imobilizărilor,Cheltuieli,CPrPd,ChFin,
6812, Cheltuieli de exploatare privind provizioanele,Cheltuieli,CPrPd,ChFin,
6813, Cheltuieli de exploatare privind ajustările pentru deprecierea imobilizărilor,Cheltuieli,CPrPd,ChFin,
6814, Cheltuieli de exploatare privind ajustările pentru deprecierea activelor circulante,Cheltuieli,CPrPd,ChFin,
6817, Cheltuieli de exploatare privind ajustările pentru deprecierea fondului comercial,Cheltuieli,CPrPd,ChFin,
686," Cheltuieli financiare privind amortizările, provizioanele şi ajustările pentru pierdere de valoare",Cheltuieli,CPrPd,ChFin,
6861, Cheltuieli privind actualizarea provizioanelor,Cheltuieli,CPrPd,ChFin,
6863, Cheltuieli financiare privind ajustările pentru pierderea de valoare a imobilizărilor financiare,Cheltuieli,CPrPd,ChFin,
6864, Cheltuieli financiare privind ajustările pentru pierderea de valoare a activelor circulante,Cheltuieli,CPrPd,ChFin,
6865, Cheltuieli financiare privind amortizarea diferenţelor aferente titlurilor de stat,Cheltuieli,CPrPd,ChFin,
6868, Cheltuieli financiare privind amortizarea primelor de rambursare a obligaţiunilor şi a altor datorii,Cheltuieli,CPrPd,ChFin,
69, Cheltuieli cu impozitul pe profit şi alte impozite,Cheltuieli,CPrPd,ChFin,
691, Cheltuieli cu impozitul pe profit,Cheltuieli,CPrPd,ChFin,
695, Cheltuieli cu impozitul specific unor activităţi,Cheltuieli,CPrPd,ChFin,
698, Cheltuieli cu impozitul pe venit şi cu alte impozite care nu apar în elementele de mai sus,Cheltuieli,CPrPd,ChFin,
70, Cifra de afaceri netă,Venituri,CPrPd,VenEx,
701," Venituri din vânzarea produselor finite, produselor agricole şi a activelor biologice de natura stocurilor",Venituri,CPrPd,VenEx,
7015, Venituri din vânzarea produselor finite,Venituri,CPrPd,VenEx,
7017, Venituri din vânzarea produselor agricole,Venituri,CPrPd,VenEx,
7018, Venituri din vânzarea activelor biologice de natura stocurilor,Venituri,CPrPd,VenEx,
702, Venituri din vânzarea semifabricatelor,Venituri,CPrPd,VenEx,
703, Venituri din vânzarea produselor reziduale,Venituri,CPrPd,VenEx,
704, Venituri din servicii prestate,Venituri,CPrPd,VenEx,
705, Venituri din studii şi cercetări,Venituri,CPrPd,VenEx,
706," Venituri din redevenţe, locaţii de gestiune şi chirii",Venituri,CPrPd,VenEx,
707, Venituri din vânzarea mărfurilor,Venituri,CPrPd,VenEx,
708, Venituri din activităţi diverse,Venituri,CPrPd,VenEx,
709, Reduceri comerciale acordate,Venituri,CPrPd,VenEx,
71, Venituri aferente costului producţiei în curs de execuţie,Venituri,CPrPd,VenEx,
711, Venituri aferente costurilor stocurilor de produse,Venituri,CPrPd,VenEx,
712, Venituri aferente costurilor serviciilor în curs de execuţie,Venituri,CPrPd,VenEx,
72, Venituri din producţia de imobilizări,Venituri,CPrPd,VenEx,
721, Venituri din producţia de imobilizări necorporale,Venituri,CPrPd,VenEx,
722, Venituri din producţia de imobilizări corporale,Venituri,CPrPd,VenEx,
725, Venituri din producţia de investiţii imobiliare,Venituri,CPrPd,VenEx,
74, Venituri din subvenţii de exploatare,Venituri,CPrPd,VenEx,
741, Venituri din subvenţii de exploatare,Venituri,CPrPd,VenEx,
7411, Venituri din subvenţii de exploatare aferente cifrei de afaceri,Venituri,CPrPd,VenEx,
7412, Venituri din subvenţii de exploatare pentru materii prime şi materiale,Venituri,CPrPd,VenEx,
7413, Venituri din subvenţii de exploatare pentru alte cheltuieli externe,Venituri,CPrPd,VenEx,
7414, Venituri din subvenţii de exploatare pentru plata personalului,Venituri,CPrPd,VenEx,
7415, Venituri din subvenţii de exploatare pentru asigurări şi protecţie socială,Venituri,CPrPd,VenEx,
7416, Venituri din subvenţii de exploatare pentru alte cheltuieli de exploatare,Venituri,CPrPd,VenEx,
7417, Venituri din subvenţii de exploatare în caz de calamităţi şi alte evenimente similare,Venituri,CPrPd,VenEx,
7418, Venituri din subvenţii de exploatare pentru dobânda datorată,Venituri,CPrPd,VenEx,
7419, Venituri din subvenţii de exploatare aferente altor venituri,Venituri,CPrPd,VenEx,
75, Alte venituri din exploatare,Venituri,CPrPd,VenEx,
751, Venituri din operaţiuni de fiducie,Venituri,CPrPd,VenEx,
7511, Venituri ocazionate de constituirea fiduciei,Venituri,CPrPd,VenEx,
7512, Venituri din derularea operaţiunilor de fiducie,Venituri,CPrPd,VenEx,
7513, Venituri din lichidarea operaţiunilor de fiducie,Venituri,CPrPd,VenEx,
754, Venituri din creanţe reactivate şi debitori diverşi,Venituri,CPrPd,VenEx,
755, Venituri din reevaluarea imobilizărilor corporale,Venituri,CPrPd,VenEx,
758, Alte venituri din exploatare,Venituri,CPrPd,VenEx,
7581," Venituri din despăgubiri, amenzi şi penalităţi",Venituri,CPrPd,VenEx,
7582, Venituri din donaţii primite,Venituri,CPrPd,VenEx,
7583, Venituri din vânzarea activelor şi alte operaţiuni de capital,Venituri,CPrPd,VenEx,
7584, Venituri din subvenţii pentru investiţii,Venituri,CPrPd,VenEx,
7586, Venituri reprezentând transferuri cuvenite în baza unor acte normative speciale,Venituri,CPrPd,VenEx,
7588, Alte venituri din exploatare,Venituri,CPrPd,VenEx,
76, Venituri financiare,Venituri,CPrPd,VenFin,
761, Venituri din imobilizări financiare,Venituri,CPrPd,VenFin,
7611, Venituri din acţiuni deţinute la entităţile afiliate,Venituri,CPrPd,VenFin,
7612, Venituri din acţiuni deţinute la entităţi asociate,Venituri,CPrPd,VenFin,
7613, Venituri din acţiuni deţinute la entităţi controlate în comun,Venituri,CPrPd,VenFin,
7615, Venituri din alte imobilizări financiare,Venituri,CPrPd,VenFin,
762, Venituri din investiţii financiare pe termen scurt,Venituri,CPrPd,VenFin,
764, Venituri din investiţii financiare cedate,Venituri,CPrPd,VenFin,
7641, Venituri din imobilizări financiare cedate,Venituri,CPrPd,VenFin,
7642, Câştiguri din investiţii pe termen scurt cedate,Venituri,CPrPd,VenFin,
765, Venituri din diferenţe de curs valutar,Venituri,CPrPd,VenFin,
7651, Diferenţe favorabile de curs valutar legate de elementele monetare exprimate în valută,Venituri,CPrPd,VenFin,
7652, Diferenţe favorabile de curs valutar din evaluarea elementelor monetare care fac parte din investiţia netă într-o entitate străină,Venituri,CPrPd,VenFin,
766, Venituri din dobânzi,Venituri,CPrPd,VenFin,
767, Venituri din sconturi obţinute,Venituri,CPrPd,VenFin,
768, Alte venituri financiare,Venituri,CPrPd,VenFin,
78," Venituri din provizioane, amortizări şi ajustări pentru depreciere sau pierdere de valoare",Venituri,CPrPd,VenFin,
781, Venituri din provizioane şi ajustări pentru depreciere privind activitatea de exploatare,Venituri,CPrPd,VenFin,
7812, Venituri din provizioane,Venituri,CPrPd,VenFin,
7813, Venituri din ajustări pentru deprecierea imobilizărilor,Venituri,CPrPd,VenFin,
7814, Venituri din ajustări pentru deprecierea activelor circulante,Venituri,CPrPd,VenFin,
7815, Venituri din fondul comercial negativ,Venituri,CPrPd,VenFin,
786, Venituri financiare din amortizări şi ajustări pentru pierdere de valoare,Venituri,CPrPd,VenFin,
7863, Venituri financiare din ajustări pentru pierderea de valoare a imobilizărilor financiare,Venituri,CPrPd,VenFin,
7864, Venituri financiare din ajustări pentru pierderea de valoare a activelor circulante,Venituri,CPrPd,VenFin,
7865, Venituri financiare din amortizarea diferenţelor aferente titlurilor de stat,Venituri,CPrPd,VenFin,
80, Conturi în afara bilanţului,#N/A,,,
801, Angajamente acordate,#N/A,,,
8011, Giruri şi garanţii acordate,#N/A,,,
8018, Alte angajamente acordate,#N/A,,,
802, Angajamente primite,#N/A,,,
8021, Giruri şi garanţii primite,#N/A,,,
8028, Alte angajamente primite,#N/A,,,
803, Alte conturi în afara bilanţului,#N/A,,,
8031, Imobilizări corporale primite cu chirie sau în baza altor contracte similare,#N/A,,,
8032, Valori materiale primite spre prelucrare sau reparare,#N/A,,,
8033, Valori materiale primite în păstrare sau custodie,#N/A,,,
8034," Debitori scoşi din activ, urmăriţi în continuare",#N/A,,,
8035, Stocuri de natura obiectelor de inventar date în folosinţă,#N/A,,,
8036," Redevenţe, locaţii de gestiune, chirii şi alte datorii asimilate",#N/A,,,
8037, Efecte scontate neajunse la scadenţă,#N/A,,,
8038," Bunuri primite în administrare, concesiune şi cu chirie şi alte bunuri similare",#N/A,,,
8039, Alte valori în afara bilanţului,#N/A,,,
804, Certificate verzi,#N/A,,,
805," Dobânzi aferente contractelor de leasing şi altor contracte asimilate, neajunse la scadenţă",#N/A,,,
8051, Dobânzi de plătit,#N/A,,,
8052, Dobânzi de încasat,#N/A,,,
806, Certificate de emisii de gaze cu efect de seră,#N/A,,,
807, Active contingente,#N/A,,,
808, Datorii contingente,#N/A,,,
809, Creanţe preluate prin cesionare,#N/A,,,
89, Bilanţ,#N/A,,,
891, Bilanţ de deschidere,#N/A,,,
892, Bilanţ de închidere,#N/A,,,
90, Decontări interne,#N/A,,,
901, Decontări interne privind cheltuielile,#N/A,,,
902, Decontări interne privind producţia obţinută,#N/A,,,
903, Decontări interne privind diferenţele de preţ,#N/A,,,
92, Conturi de calculaţie,#N/A,,,
921, Cheltuielile activităţii de bază,#N/A,,,
922, Cheltuielile activităţilor auxiliare,#N/A,,,
923, Cheltuieli indirecte de producţie,#N/A,,,
924, Cheltuieli generale de administraţie,#N/A,,,
925, Cheltuieli de desfacere,#N/A,,,
93, Costul producţiei,#N/A,,,
931, Costul producţiei obţinute,#N/A,,,
933, Costul producţiei în curs de execuţie,#N/A,,,
